,Datetime,Username,Tweet Id,Text,URL,replyCount,retweetCount,likeCount,quoteCount,isQuoted,Mentioned Users,Links
0,2022-03-29 16:07:25+00:00,ncri_io,1508838245848727564,Anyone in our disinfo community have any good leads on open source covid-19 disinformation classifiers?,https://twitter.com/ncri_io/status/1508838245848727564,0,0,0,0,,,
1,2022-03-04 17:32:39+00:00,ncri_io,1499799999542091778,"Our latest research profiled in 
@FortuneMagazine. 

‚ÄúAs investors are coming to the space from Superbowl ads and seeing memes, they need to understand that the markets that we‚Äôre studying overall are highly manipulated,‚Äù said Finkelstein. 

https://t.co/OXd4IGbSIr",https://twitter.com/ncri_io/status/1499799999542091778,0,4,9,0,,"[User(username='FortuneMagazine', id=25053299, displayname='FORTUNE', description=None, rawDescription=None, descriptionUrls=None, verified=None, created=None, followersCount=None, friendsCount=None, statusesCount=None, favouritesCount=None, listedCount=None, mediaCount=None, location=None, protected=None, linkUrl=None, linkTcourl=None, profileImageUrl=None, profileBannerUrl=None, label=None)]",['https://fortune.com/2022/03/04/meme-message-boards-nft-crypto-investors-undermining-integrity/']
2,2022-03-04 14:02:43+00:00,ncri_io,1499747168126742532,"@guardian See NCRI Insights Report here: 

https://t.co/QRCMTa71xJ",https://twitter.com/ncri_io/status/1499747168126742532,0,0,1,0,,"[User(username='guardian', id=87818409, displayname='The Guardian', description=None, rawDescription=None, descriptionUrls=None, verified=None, created=None, followersCount=None, friendsCount=None, statusesCount=None, favouritesCount=None, listedCount=None, mediaCount=None, location=None, protected=None, linkUrl=None, linkTcourl=None, profileImageUrl=None, profileBannerUrl=None, label=None)]",['https://networkcontagion.us/wp-content/uploads/NCRI-Insights-SitRep-March-2022.pdf']
3,2022-03-04 14:02:25+00:00,ncri_io,1499747093744951296,"See the latest research from the NCRI cited in @guardian. 

We identified a doubling of NWO conspiracy theories, the coordinated amplification of pro-Kremlin propaganda,  and a 20% surge in overall Twitter activity since the invasion. 

https://t.co/3rpm4POmrI",https://twitter.com/ncri_io/status/1499747093744951296,1,2,4,0,,"[User(username='guardian', id=87818409, displayname='The Guardian', description=None, rawDescription=None, descriptionUrls=None, verified=None, created=None, followersCount=None, friendsCount=None, statusesCount=None, favouritesCount=None, listedCount=None, mediaCount=None, location=None, protected=None, linkUrl=None, linkTcourl=None, profileImageUrl=None, profileBannerUrl=None, label=None)]",['https://www.theguardian.com/media/2022/mar/04/bot-holiday-covid-misinformation-ukraine-social-media']
4,2022-02-18 19:54:07+00:00,ncri_io,1494762169346543620,"The NCRI is proud to announce our strategic partnership with the Professional Development Institute (PDI) of the University of Ottawa's new Information Integrity Lab. 

@uOttawa 

https://t.co/5i44FVoix2",https://twitter.com/ncri_io/status/1494762169346543620,0,0,2,1,,"[User(username='uOttawa', id=352311644, displayname='uOttawa', description=None, rawDescription=None, descriptionUrls=None, verified=None, created=None, followersCount=None, friendsCount=None, statusesCount=None, favouritesCount=None, listedCount=None, mediaCount=None, location=None, protected=None, linkUrl=None, linkTcourl=None, profileImageUrl=None, profileBannerUrl=None, label=None)]",['https://www.prweb.com/releases/university_of_ottawa_taps_network_contagion_research_institute_rutgers_miller_center_as_strategic_partners_in_disinformation_lab/prweb18503909.htm']
5,2022-02-06 01:20:38+00:00,ncri_io,1490133297606934530,@milleridriss @AlexWGoldenberg Alex speaks for all of us in this shop!,https://twitter.com/ncri_io/status/1490133297606934530,1,0,2,0,,"[User(username='milleridriss', id=3003350403, displayname='Dr. Cynthia Miller-Idriss', description=None, rawDescription=None, descriptionUrls=None, verified=None, created=None, followersCount=None, friendsCount=None, statusesCount=None, favouritesCount=None, listedCount=None, mediaCount=None, location=None, protected=None, linkUrl=None, linkTcourl=None, profileImageUrl=None, profileBannerUrl=None, label=None), User(username='AlexWGoldenberg', id=4146567496, displayname='Alex Goldenberg', description=None, rawDescription=None, descriptionUrls=None, verified=None, created=None, followersCount=None, friendsCount=None, statusesCount=None, favouritesCount=None, listedCount=None, mediaCount=None, location=None, protected=None, linkUrl=None, linkTcourl=None, profileImageUrl=None, profileBannerUrl=None, label=None)]",
6,2022-01-04 23:47:13+00:00,ncri_io,1478513379899760641,"NCRI's latest report on reaching the vaccine reluctant, in collaboration with tech leaders from Walmart and Google, in a feature op-ed in Newsweek today. 

https://t.co/0fFRpFJucm",https://twitter.com/ncri_io/status/1478513379899760641,0,2,7,1,,,['https://www.google.com/amp/s/www.newsweek.com/walmart-has-been-quietly-convincing-unvaccinated-get-vaccinated-heres-their-secret-opinion-1665460%3famp=1']
7,2021-12-23 01:33:40+00:00,ncri_io,1473829124124905473,@_NickMonaco @MiburoSolutions @nytimes @daveyalba Wow. This is impressive work.,https://twitter.com/ncri_io/status/1473829124124905473,0,0,1,0,,"[User(username='_NickMonaco', id=962223288, displayname='Nick Monaco üß™üá∫üá¶', description=None, rawDescription=None, descriptionUrls=None, verified=None, created=None, followersCount=None, friendsCount=None, statusesCount=None, favouritesCount=None, listedCount=None, mediaCount=None, location=None, protected=None, linkUrl=None, linkTcourl=None, profileImageUrl=None, profileBannerUrl=None, label=None), User(username='MiburoSolutions', id=1454078360036970496, displayname='Miburo', description=None, rawDescription=None, descriptionUrls=None, verified=None, created=None, followersCount=None, friendsCount=None, statusesCount=None, favouritesCount=None, listedCount=None, mediaCount=None, location=None, protected=None, linkUrl=None, linkTcourl=None, profileImageUrl=None, profileBannerUrl=None, label=None), User(username='nytimes', id=807095, displayname='The New York Times', description=None, rawDescription=None, descriptionUrls=None, verified=None, created=None, followersCount=None, friendsCount=None, statusesCount=None, favouritesCount=None, listedCount=None, mediaCount=None, location=None, protected=None, linkUrl=None, linkTcourl=None, profileImageUrl=None, profileBannerUrl=None, label=None), User(username='daveyalba', id=14360732, displayname='Davey Alba', description=None, rawDescription=None, descriptionUrls=None, verified=None, created=None, followersCount=None, friendsCount=None, statusesCount=None, favouritesCount=None, listedCount=None, mediaCount=None, location=None, protected=None, linkUrl=None, linkTcourl=None, profileImageUrl=None, profileBannerUrl=None, label=None)]",
8,2021-12-22 16:21:32+00:00,ncri_io,1473690178120257548,"NCRI's latest work maps the climate of Vaccine reluctance; featured in the Hill.  With contributions by Walmart and Google, this work shows  meeting folks ""where they are"" is key. De-politicizing  and rehumanizing appears crucial to better public health. https://t.co/7O7PYWiDnH",https://twitter.com/ncri_io/status/1473690178120257548,0,4,10,1,,,['https://thehill.com/opinion/healthcare/586257-persuading-the-vaccine-reluctant-meet-people-where-they-are']
9,2021-12-09 15:49:09+00:00,ncri_io,1468970982345883648,"Please see pioneering work from the NCRI in collaboration with Walmart and Google's Director of Research, Peter Norvig, to deliver a nationwide, data-driven climate model for COVID-19 vaccine reluctance. 
https://t.co/fdy5Jrpr9o",https://twitter.com/ncri_io/status/1468970982345883648,2,9,15,2,,,['https://www.businesswire.com/news/home/20211209005610/en/NCRI-Research-Using-GoogleWalmart-Data-Brings-Hope-for-Reaching-Vaccine-Reluctant-Communities']
10,2021-11-29 19:37:48+00:00,ncri_io,1465404648664219653,@jasonbaumgartne We are all praying for your father and your family Jason.,https://twitter.com/ncri_io/status/1465404648664219653,0,0,1,0,,"[User(username='jasonbaumgartne', id=70802518, displayname='JSON Baumgartner', description=None, rawDescription=None, descriptionUrls=None, verified=None, created=None, followersCount=None, friendsCount=None, statusesCount=None, favouritesCount=None, listedCount=None, mediaCount=None, location=None, protected=None, linkUrl=None, linkTcourl=None, profileImageUrl=None, profileBannerUrl=None, label=None)]",
11,2021-11-09 02:16:24+00:00,ncri_io,1457894814150762496,"Tremendous op-ed by John Farmer, former chief council to the 911 commission,  featuring NCRI work with @RUIntelStudies on kristallnacht and the parallels of social media violence. @Eagleton_RU

https://t.co/4o5suhuDyJ",https://twitter.com/ncri_io/status/1457894814150762496,0,6,13,1,,"[User(username='RUIntelStudies', id=2990220208, displayname='RutgersIntelStudies', description=None, rawDescription=None, descriptionUrls=None, verified=None, created=None, followersCount=None, friendsCount=None, statusesCount=None, favouritesCount=None, listedCount=None, mediaCount=None, location=None, protected=None, linkUrl=None, linkTcourl=None, profileImageUrl=None, profileBannerUrl=None, label=None), User(username='Eagleton_RU', id=1071970698, displayname='Eagleton Institute', description=None, rawDescription=None, descriptionUrls=None, verified=None, created=None, followersCount=None, friendsCount=None, statusesCount=None, favouritesCount=None, listedCount=None, mediaCount=None, location=None, protected=None, linkUrl=None, linkTcourl=None, profileImageUrl=None, profileBannerUrl=None, label=None)]",['https://m.jpost.com/opinion/kristallnacht-and-todays-extremist-violence-opinion-684344']
12,2021-11-03 15:09:59+00:00,ncri_io,1455915162964316165,"We are proud to be recognized by one of the industry's foremost associations as Open Source Non-Profit of the Year. 

https://t.co/CKraXXzZEU",https://twitter.com/ncri_io/status/1455915162964316165,0,1,2,2,,,['https://www.prweb.com/releases/network_contagion_research_institute_ncri_awarded_open_source_non_profit_of_the_year_by_osmosis_institute/prweb18303264.htm']
13,2021-10-19 15:16:03+00:00,ncri_io,1450480871614652424,"We are currently hiring a Senior Front-End Web Developer/Designer to lead the development of front-end tools for misinformation/extremism researchers. To apply, please submit your application to: https://t.co/VbnqhTpyfi
#webdev #webdeveloper #webdesigner #job #jobposting https://t.co/iy38WM7wiX",https://twitter.com/ncri_io/status/1450480871614652424,0,5,2,0,,,['https://networkcontagion.us/job-listing/senior-web-developer/']
14,2021-10-12 20:31:53+00:00,ncri_io,1448023641363525635,"@CSIS_Threats @AlexWGoldenberg Thanks kindly CSIS!  We make CSIS material mandatory reading in our training program, so this is a real honor.",https://twitter.com/ncri_io/status/1448023641363525635,0,0,3,0,,"[User(username='CSIS_Threats', id=2615761369, displayname='CSIS Transnational Threats', description=None, rawDescription=None, descriptionUrls=None, verified=None, created=None, followersCount=None, friendsCount=None, statusesCount=None, favouritesCount=None, listedCount=None, mediaCount=None, location=None, protected=None, linkUrl=None, linkTcourl=None, profileImageUrl=None, profileBannerUrl=None, label=None), User(username='AlexWGoldenberg', id=4146567496, displayname='Alex Goldenberg', description=None, rawDescription=None, descriptionUrls=None, verified=None, created=None, followersCount=None, friendsCount=None, statusesCount=None, favouritesCount=None, listedCount=None, mediaCount=None, location=None, protected=None, linkUrl=None, linkTcourl=None, profileImageUrl=None, profileBannerUrl=None, label=None)]",
15,2021-07-28 13:58:17+00:00,ncri_io,1420383110353596416,"The Network Contagion Research Institute's report on the ""Contagion of Institutional Distrust"" cited this morning in a pointed op-ed by Bret Stephens  in the NY Times.

Report:https://t.co/rny8eE246I

Article:https://t.co/axTwqbmLMB",https://twitter.com/ncri_io/status/1420383110353596416,2,0,7,1,,,"['https://networkcontagion.us/reports/a-contagion-of-institutional-distrust/', 'https://www.nytimes.com/2021/07/27/opinion/covid-health-misinformation.html']"
16,2021-07-23 14:23:36+00:00,ncri_io,1418577542244614151,"NCRI's latest report, ""The Future of Disinformation Operations and the Coming War on Brands"", is featured in Fortune Magazine.

Congrats to the NCRI team @AlexWGoldenberg, @PamelaParesky and the rest.  

https://t.co/1xt9ywp4uX",https://twitter.com/ncri_io/status/1418577542244614151,0,4,13,1,,"[User(username='AlexWGoldenberg', id=4146567496, displayname='Alex Goldenberg', description=None, rawDescription=None, descriptionUrls=None, verified=None, created=None, followersCount=None, friendsCount=None, statusesCount=None, favouritesCount=None, listedCount=None, mediaCount=None, location=None, protected=None, linkUrl=None, linkTcourl=None, profileImageUrl=None, profileBannerUrl=None, label=None), User(username='PamelaParesky', id=249951632, displayname='Pamela Paresky (Habits of a Free Mind)', description=None, rawDescription=None, descriptionUrls=None, verified=None, created=None, followersCount=None, friendsCount=None, statusesCount=None, favouritesCount=None, listedCount=None, mediaCount=None, location=None, protected=None, linkUrl=None, linkTcourl=None, profileImageUrl=None, profileBannerUrl=None, label=None)]",['https://fortune.com/2021/07/23/russian-disinformation-campaigns-are-trying-to-sow-distrust-of-covid-vaccines-study-finds/']
17,2021-06-30 17:31:39+00:00,ncri_io,1410289943579082754,"@mlcombatives @PsychRabble @leetbmc @jonathanstray yeah, to clarify, a democratic mindset that is resistant to disinformation and open to consensus based negotiation is crucial for reconciliation in a polarized world.",https://twitter.com/ncri_io/status/1410289943579082754,1,0,3,0,,"[User(username='mlcombatives', id=628031441, displayname='Matt Larsen - First seek the truth', description=None, rawDescription=None, descriptionUrls=None, verified=None, created=None, followersCount=None, friendsCount=None, statusesCount=None, favouritesCount=None, listedCount=None, mediaCount=None, location=None, protected=None, linkUrl=None, linkTcourl=None, profileImageUrl=None, profileBannerUrl=None, label=None), User(username='PsychRabble', id=832606155973201921, displayname='The Dark Pirate Jussim', description=None, rawDescription=None, descriptionUrls=None, verified=None, created=None, followersCount=None, friendsCount=None, statusesCount=None, favouritesCount=None, listedCount=None, mediaCount=None, location=None, protected=None, linkUrl=None, linkTcourl=None, profileImageUrl=None, profileBannerUrl=None, label=None), User(username='leetbmc', id=14789370, displayname='we‚Äôre all mad here. i‚Äôm mad, you‚Äôre mad.', description=None, rawDescription=None, descriptionUrls=None, verified=None, created=None, followersCount=None, friendsCount=None, statusesCount=None, favouritesCount=None, listedCount=None, mediaCount=None, location=None, protected=None, linkUrl=None, linkTcourl=None, profileImageUrl=None, profileBannerUrl=None, label=None), User(username='jonathanstray', id=14929834, displayname='Jonathan Stray', description=None, rawDescription=None, descriptionUrls=None, verified=None, created=None, followersCount=None, friendsCount=None, statusesCount=None, favouritesCount=None, listedCount=None, mediaCount=None, location=None, protected=None, linkUrl=None, linkTcourl=None, profileImageUrl=None, profileBannerUrl=None, label=None)]",
18,2021-06-30 17:20:29+00:00,ncri_io,1410287135501033474,"@mlcombatives @PsychRabble @leetbmc @jonathanstray The NCRI has never argued that nefarious agents spreading disinformation should be absolved (we write reports, like this one, on those agents specifically).

But in a frame of cognitive security, a lense of human fallibility is both accurate and crucial for mutual humanization.",https://twitter.com/ncri_io/status/1410287135501033474,1,0,0,0,,"[User(username='mlcombatives', id=628031441, displayname='Matt Larsen - First seek the truth', description=None, rawDescription=None, descriptionUrls=None, verified=None, created=None, followersCount=None, friendsCount=None, statusesCount=None, favouritesCount=None, listedCount=None, mediaCount=None, location=None, protected=None, linkUrl=None, linkTcourl=None, profileImageUrl=None, profileBannerUrl=None, label=None), User(username='PsychRabble', id=832606155973201921, displayname='The Dark Pirate Jussim', description=None, rawDescription=None, descriptionUrls=None, verified=None, created=None, followersCount=None, friendsCount=None, statusesCount=None, favouritesCount=None, listedCount=None, mediaCount=None, location=None, protected=None, linkUrl=None, linkTcourl=None, profileImageUrl=None, profileBannerUrl=None, label=None), User(username='leetbmc', id=14789370, displayname='we‚Äôre all mad here. i‚Äôm mad, you‚Äôre mad.', description=None, rawDescription=None, descriptionUrls=None, verified=None, created=None, followersCount=None, friendsCount=None, statusesCount=None, favouritesCount=None, listedCount=None, mediaCount=None, location=None, protected=None, linkUrl=None, linkTcourl=None, profileImageUrl=None, profileBannerUrl=None, label=None), User(username='jonathanstray', id=14929834, displayname='Jonathan Stray', description=None, rawDescription=None, descriptionUrls=None, verified=None, created=None, followersCount=None, friendsCount=None, statusesCount=None, favouritesCount=None, listedCount=None, mediaCount=None, location=None, protected=None, linkUrl=None, linkTcourl=None, profileImageUrl=None, profileBannerUrl=None, label=None)]",
19,2021-06-30 17:02:39+00:00,ncri_io,1410282645423013894,Thanks for the kind words sir. https://t.co/3ZFUhpz5oc,https://twitter.com/ncri_io/status/1410282645423013894,0,2,8,0,https://twitter.com/jonathanstray/status/1409978687101931521,,['https://twitter.com/jonathanstray/status/1409978687101931521']
20,2021-05-16 14:42:00+00:00,ncri_io,1393939796553342987,This campaign succeeded in pushing an EXPLICITLY antisemitic slogan to trend on one the world's largest mainstream social media platforms - normalizing antisemitism. https://t.co/ls6VvCYlDf,https://twitter.com/ncri_io/status/1393939796553342987,1,1,1,0,,,
21,2021-05-16 14:42:00+00:00,ncri_io,1393939795387236360,"NCRI UPDATE: PRO-IRANIAN ACCOUNTS DISSEMINATING ANTISEMITIC DISINFORMATION.

NCRI finds that putative Iranian accounts - most made in the same month and year - Were behind the recent antisemitic surge in hashtag #covid1948.

https://t.co/g1S2595vQC",https://twitter.com/ncri_io/status/1393939795387236360,2,7,6,0,,,['https://www.foxbusiness.com/technology/pro-iran-twitter-accounts-anti-semitic-hate-trending-israeli-hamas']
22,2021-05-13 21:32:39+00:00,ncri_io,1392955977108951040,@RepRiggleman Thanks @RepRiggleman happy to have you aboard!,https://twitter.com/ncri_io/status/1392955977108951040,0,0,4,0,,"[User(username='RepRiggleman', id=1080504024695222273, displayname='Denver Riggleman', description=None, rawDescription=None, descriptionUrls=None, verified=None, created=None, followersCount=None, friendsCount=None, statusesCount=None, favouritesCount=None, listedCount=None, mediaCount=None, location=None, protected=None, linkUrl=None, linkTcourl=None, profileImageUrl=None, profileBannerUrl=None, label=None), User(username='RepRiggleman', id=1080504024695222273, displayname='Denver Riggleman', description=None, rawDescription=None, descriptionUrls=None, verified=None, created=None, followersCount=None, friendsCount=None, statusesCount=None, favouritesCount=None, listedCount=None, mediaCount=None, location=None, protected=None, linkUrl=None, linkTcourl=None, profileImageUrl=None, profileBannerUrl=None, label=None)]",
23,2021-05-13 20:20:59+00:00,ncri_io,1392937943048892418,The NCRI is calling  upon @Twitter  and other platforms to take immediate action to help mitigate this outbreak.  NCRI's previous analysis shows clearly that extremist hashtags and slogans are upstream predictors of real world violence and unrest.,https://twitter.com/ncri_io/status/1392937943048892418,2,15,29,0,,"[User(username='Twitter', id=783214, displayname='Twitter', description=None, rawDescription=None, descriptionUrls=None, verified=None, created=None, followersCount=None, friendsCount=None, statusesCount=None, favouritesCount=None, listedCount=None, mediaCount=None, location=None, protected=None, linkUrl=None, linkTcourl=None, profileImageUrl=None, profileBannerUrl=None, label=None)]",
24,2021-05-13 20:20:59+00:00,ncri_io,1392937941572497412,"A contagion of antisemitic hate appears to be emerging at an unprecedented scale.  Thousands antisemitic memes in addition to these are escalating - hashtags such ""Hitlerwasright"" ""Zionazi"" and other slogans identified as antisemitism by the IHRA definition. https://t.co/NIXeFnbR5H",https://twitter.com/ncri_io/status/1392937941572497412,2,23,30,2,,,
25,2021-05-13 20:20:58+00:00,ncri_io,1392937938493841409,Numerous examples of these highly retweeted and liked material include classically antisemitic depictions of Jews as rats and vermin. https://t.co/fERxD2Sr28,https://twitter.com/ncri_io/status/1392937938493841409,6,8,18,1,,,
26,2021-05-13 20:20:57+00:00,ncri_io,1392937934014271488,"THREAD: ANTISEMITIC SURGE ON TWITTER

NCRI is warning of massive surges of unmitigated antisemitism on Twitter. 

In the evidence below, NCRI finds use of #COVID1948 trending abruptly on Twitter.  Comparing Jews to a lethal virus now appears to be going viral. https://t.co/gadSYBW9Xl",https://twitter.com/ncri_io/status/1392937934014271488,53,77,86,26,,,
27,2021-04-16 01:53:14+00:00,ncri_io,1382874696002207752,"@areidross Wow, this is a great insight, let's discuss?",https://twitter.com/ncri_io/status/1382874696002207752,0,0,0,0,,"[User(username='areidross', id=812363924, displayname='Alexander Reid Ross üåª', description=None, rawDescription=None, descriptionUrls=None, verified=None, created=None, followersCount=None, friendsCount=None, statusesCount=None, favouritesCount=None, listedCount=None, mediaCount=None, location=None, protected=None, linkUrl=None, linkTcourl=None, profileImageUrl=None, profileBannerUrl=None, label=None)]",
28,2021-04-05 02:53:15+00:00,ncri_io,1378903531663601665,"NCRI chief strategist, Denver Riggleman featured in this morning's NY times and NCRI and its research feature strongly as well! A real honor to have you on board @RepRiggleman.

https://t.co/sIbJtJUcTM",https://twitter.com/ncri_io/status/1378903531663601665,1,4,49,1,,"[User(username='RepRiggleman', id=1080504024695222273, displayname='Denver Riggleman', description=None, rawDescription=None, descriptionUrls=None, verified=None, created=None, followersCount=None, friendsCount=None, statusesCount=None, favouritesCount=None, listedCount=None, mediaCount=None, location=None, protected=None, linkUrl=None, linkTcourl=None, profileImageUrl=None, profileBannerUrl=None, label=None)]",['https://www.nytimes.com/2021/04/03/us/politics/denver-riggleman-republican-disinformation.html#click=https://t.co/JAtSlDNc9v']
29,2021-03-26 12:01:48+00:00,ncri_io,1375417699396943882,"@proflevin @NRO Brian, we are a huge fan of your work. Can you decipher your tweet so we can glean your insights a bit more clearly?  I'm a little slow on decoding all the symbols.",https://twitter.com/ncri_io/status/1375417699396943882,0,0,0,0,,"[User(username='proflevin', id=55988606, displayname='Brian Levin', description=None, rawDescription=None, descriptionUrls=None, verified=None, created=None, followersCount=None, friendsCount=None, statusesCount=None, favouritesCount=None, listedCount=None, mediaCount=None, location=None, protected=None, linkUrl=None, linkTcourl=None, profileImageUrl=None, profileBannerUrl=None, label=None), User(username='NRO', id=19417492, displayname='National Review', description=None, rawDescription=None, descriptionUrls=None, verified=None, created=None, followersCount=None, friendsCount=None, statusesCount=None, favouritesCount=None, listedCount=None, mediaCount=None, location=None, protected=None, linkUrl=None, linkTcourl=None, profileImageUrl=None, profileBannerUrl=None, label=None)]",
30,2021-03-25 19:34:01+00:00,ncri_io,1375169117314027525,"Come see Network Contagion Lab's first Webinar in partnership with Rutgers Miller Center on the infodemic around COVID-19.  April 23rd at 10AM (EST). More information here:

https://t.co/GhOD86IB8y https://t.co/Gidzjfv7Oh",https://twitter.com/ncri_io/status/1375169117314027525,0,5,10,0,,,['https://networkcontagion.us/webinars/viral-disinformation-and-how-anti-vaccine-propaganda-spreads-across-virtual-and-real-world-networks/']
31,2021-03-25 12:22:37+00:00,ncri_io,1375060551320100867,This is strong work. Congrats to @jhblackb and @zsavvas90.  This is a great contribution. https://t.co/p7PGSj6qSd,https://twitter.com/ncri_io/status/1375060551320100867,0,0,2,0,https://twitter.com/manoelribeiro/status/1375057683628359680,"[User(username='jhblackb', id=12131042, displayname='Jeremy Blackburn', description=None, rawDescription=None, descriptionUrls=None, verified=None, created=None, followersCount=None, friendsCount=None, statusesCount=None, favouritesCount=None, listedCount=None, mediaCount=None, location=None, protected=None, linkUrl=None, linkTcourl=None, profileImageUrl=None, profileBannerUrl=None, label=None), User(username='zsavvas90', id=2383638403, displayname='Savvas Zannettou', description=None, rawDescription=None, descriptionUrls=None, verified=None, created=None, followersCount=None, friendsCount=None, statusesCount=None, favouritesCount=None, listedCount=None, mediaCount=None, location=None, protected=None, linkUrl=None, linkTcourl=None, profileImageUrl=None, profileBannerUrl=None, label=None)]",['https://twitter.com/manoelribeiro/status/1375057683628359680']
32,2021-03-23 18:41:17+00:00,ncri_io,1374431069986979853,"@ncri's work featured on the front page of L.A. Times today!  Thanks to @anitachabria for a nuanced piece. And the great @PERIL_AU and @proflevin for being such great friends and talented researchers in our field.

https://t.co/Mc9xkhOmR9",https://twitter.com/ncri_io/status/1374431069986979853,1,7,15,1,,"[User(username='anitachabria', id=1630851128, displayname='Anita Chabria', description=None, rawDescription=None, descriptionUrls=None, verified=None, created=None, followersCount=None, friendsCount=None, statusesCount=None, favouritesCount=None, listedCount=None, mediaCount=None, location=None, protected=None, linkUrl=None, linkTcourl=None, profileImageUrl=None, profileBannerUrl=None, label=None), User(username='PERIL_AU', id=1284512788065529859, displayname='PERIL', description=None, rawDescription=None, descriptionUrls=None, verified=None, created=None, followersCount=None, friendsCount=None, statusesCount=None, favouritesCount=None, listedCount=None, mediaCount=None, location=None, protected=None, linkUrl=None, linkTcourl=None, profileImageUrl=None, profileBannerUrl=None, label=None), User(username='proflevin', id=55988606, displayname='Brian Levin', description=None, rawDescription=None, descriptionUrls=None, verified=None, created=None, followersCount=None, friendsCount=None, statusesCount=None, favouritesCount=None, listedCount=None, mediaCount=None, location=None, protected=None, linkUrl=None, linkTcourl=None, profileImageUrl=None, profileBannerUrl=None, label=None)]",['https://www.latimes.com/california/story/2021-03-23/qanon-conspiracy-evolves-new-world-order-china-jewish-people']
33,2021-03-11 18:01:47+00:00,ncri_io,1370072475158073348,"NCRI's newest report, ""A Contagion of Institutional Distrust"", charts the spread Covid-19 vaccine conspiracy and protest.

Thanks to co-authors @areidross @AlexWGoldenberg @RepRiggleman @PamelaParesky @PsychRabble and others for their contributions.

https://t.co/rny8eE246I",https://twitter.com/ncri_io/status/1370072475158073348,0,4,6,2,,"[User(username='areidross', id=812363924, displayname='Alexander Reid Ross üåª', description=None, rawDescription=None, descriptionUrls=None, verified=None, created=None, followersCount=None, friendsCount=None, statusesCount=None, favouritesCount=None, listedCount=None, mediaCount=None, location=None, protected=None, linkUrl=None, linkTcourl=None, profileImageUrl=None, profileBannerUrl=None, label=None), User(username='AlexWGoldenberg', id=4146567496, displayname='Alex Goldenberg', description=None, rawDescription=None, descriptionUrls=None, verified=None, created=None, followersCount=None, friendsCount=None, statusesCount=None, favouritesCount=None, listedCount=None, mediaCount=None, location=None, protected=None, linkUrl=None, linkTcourl=None, profileImageUrl=None, profileBannerUrl=None, label=None), User(username='RepRiggleman', id=1080504024695222273, displayname='Denver Riggleman', description=None, rawDescription=None, descriptionUrls=None, verified=None, created=None, followersCount=None, friendsCount=None, statusesCount=None, favouritesCount=None, listedCount=None, mediaCount=None, location=None, protected=None, linkUrl=None, linkTcourl=None, profileImageUrl=None, profileBannerUrl=None, label=None), User(username='PamelaParesky', id=249951632, displayname='Pamela Paresky (Habits of a Free Mind)', description=None, rawDescription=None, descriptionUrls=None, verified=None, created=None, followersCount=None, friendsCount=None, statusesCount=None, favouritesCount=None, listedCount=None, mediaCount=None, location=None, protected=None, linkUrl=None, linkTcourl=None, profileImageUrl=None, profileBannerUrl=None, label=None), User(username='PsychRabble', id=832606155973201921, displayname='The Dark Pirate Jussim', description=None, rawDescription=None, descriptionUrls=None, verified=None, created=None, followersCount=None, friendsCount=None, statusesCount=None, favouritesCount=None, listedCount=None, mediaCount=None, location=None, protected=None, linkUrl=None, linkTcourl=None, profileImageUrl=None, profileBannerUrl=None, label=None)]",['https://networkcontagion.us/reports/a-contagion-of-institutional-distrust/']
34,2021-03-04 01:31:36+00:00,ncri_io,1367286573998481410,@katestarbird Great Job here Kate. Making this mandatory reading at our shop!,https://twitter.com/ncri_io/status/1367286573998481410,0,0,1,0,,"[User(username='katestarbird', id=19203768, displayname='Kate Starbird', description=None, rawDescription=None, descriptionUrls=None, verified=None, created=None, followersCount=None, friendsCount=None, statusesCount=None, favouritesCount=None, listedCount=None, mediaCount=None, location=None, protected=None, linkUrl=None, linkTcourl=None, profileImageUrl=None, profileBannerUrl=None, label=None)]",
35,2021-02-22 01:20:11+00:00,ncri_io,1363659820033835012,NCRI Director Joel Finkesltein on 60 minutes tonight on the explosive mix of vaccines and revolutionary conspiracy.  The true MVPs are NCRI's members/key advisors who make our work possible: @areidross  @RepRiggleman @PamelaParesky @PsychRabble @McCormickProf @AlexWGoldenberg https://t.co/8lQ2FAUeA6,https://twitter.com/ncri_io/status/1363659820033835012,2,7,31,2,https://twitter.com/60Minutes/status/1363651814609088512,"[User(username='areidross', id=812363924, displayname='Alexander Reid Ross üåª', description=None, rawDescription=None, descriptionUrls=None, verified=None, created=None, followersCount=None, friendsCount=None, statusesCount=None, favouritesCount=None, listedCount=None, mediaCount=None, location=None, protected=None, linkUrl=None, linkTcourl=None, profileImageUrl=None, profileBannerUrl=None, label=None), User(username='RepRiggleman', id=1080504024695222273, displayname='Denver Riggleman', description=None, rawDescription=None, descriptionUrls=None, verified=None, created=None, followersCount=None, friendsCount=None, statusesCount=None, favouritesCount=None, listedCount=None, mediaCount=None, location=None, protected=None, linkUrl=None, linkTcourl=None, profileImageUrl=None, profileBannerUrl=None, label=None), User(username='PamelaParesky', id=249951632, displayname='Pamela Paresky (Habits of a Free Mind)', description=None, rawDescription=None, descriptionUrls=None, verified=None, created=None, followersCount=None, friendsCount=None, statusesCount=None, favouritesCount=None, listedCount=None, mediaCount=None, location=None, protected=None, linkUrl=None, linkTcourl=None, profileImageUrl=None, profileBannerUrl=None, label=None), User(username='PsychRabble', id=832606155973201921, displayname='The Dark Pirate Jussim', description=None, rawDescription=None, descriptionUrls=None, verified=None, created=None, followersCount=None, friendsCount=None, statusesCount=None, favouritesCount=None, listedCount=None, mediaCount=None, location=None, protected=None, linkUrl=None, linkTcourl=None, profileImageUrl=None, profileBannerUrl=None, label=None), User(username='McCormickProf', id=1969097227, displayname='Robert P. Georgeüáªüá¶üá∫üá∏ü™ï', description=None, rawDescription=None, descriptionUrls=None, verified=None, created=None, followersCount=None, friendsCount=None, statusesCount=None, favouritesCount=None, listedCount=None, mediaCount=None, location=None, protected=None, linkUrl=None, linkTcourl=None, profileImageUrl=None, profileBannerUrl=None, label=None), User(username='AlexWGoldenberg', id=4146567496, displayname='Alex Goldenberg', description=None, rawDescription=None, descriptionUrls=None, verified=None, created=None, followersCount=None, friendsCount=None, statusesCount=None, favouritesCount=None, listedCount=None, mediaCount=None, location=None, protected=None, linkUrl=None, linkTcourl=None, profileImageUrl=None, profileBannerUrl=None, label=None)]",['https://twitter.com/60Minutes/status/1363651814609088512']
36,2021-02-12 18:53:47+00:00,ncri_io,1360301087841013762,"@ncri  Director Joel Finkelstein and NCRI Senior Scholar Pamela Paresky on the @AJCGlobal's podcast.  Many Thanks to the folks at the American Jewish Committee, we really enjoyed it.

https://t.co/zlbOJEEjjN",https://twitter.com/ncri_io/status/1360301087841013762,0,1,4,0,,"[User(username='AJCGlobal', id=183767243, displayname='American Jewish Committee', description=None, rawDescription=None, descriptionUrls=None, verified=None, created=None, followersCount=None, friendsCount=None, statusesCount=None, favouritesCount=None, listedCount=None, mediaCount=None, location=None, protected=None, linkUrl=None, linkTcourl=None, profileImageUrl=None, profileBannerUrl=None, label=None)]",['https://www.ajc.org/news/podcast/the-real-danger-of-qanon-telling-the-jewish-story-in-arabic']
37,2021-02-04 14:52:07+00:00,ncri_io,1357341166895722504,"NCRI director Joel Finkelstein and @AHousefather's recent Editorial in Canada's National Post arguing for the creation of a sovereign supported Center for Disinformation Defense.

https://t.co/xMABpwnG2s",https://twitter.com/ncri_io/status/1357341166895722504,2,7,19,1,,"[User(username='AHousefather', id=1646334073, displayname='Anthony Housefather', description=None, rawDescription=None, descriptionUrls=None, verified=None, created=None, followersCount=None, friendsCount=None, statusesCount=None, favouritesCount=None, listedCount=None, mediaCount=None, location=None, protected=None, linkUrl=None, linkTcourl=None, profileImageUrl=None, profileBannerUrl=None, label=None)]",['https://nationalpost.com/opinion/tackling-big-tech-we-need-a-new-weapon-to-combat-the-virus-of-disinformation?fbclid=IwAR0OD1DX_kDannXEGMAJX67QtbnDHQizH8wuuFXS2s_tFT7egtbpMzC7X90']
38,2021-01-29 18:07:18+00:00,ncri_io,1355215963256463367,"The NCRI is very proud of the latest piece featuring our research - From esteemed  members, John Farmer and @PamelaParesky.

https://t.co/5xKYC1ZmQ6",https://twitter.com/ncri_io/status/1355215963256463367,0,3,5,2,,"[User(username='PamelaParesky', id=249951632, displayname='Pamela Paresky (Habits of a Free Mind)', description=None, rawDescription=None, descriptionUrls=None, verified=None, created=None, followersCount=None, friendsCount=None, statusesCount=None, favouritesCount=None, listedCount=None, mediaCount=None, location=None, protected=None, linkUrl=None, linkTcourl=None, profileImageUrl=None, profileBannerUrl=None, label=None)]",['https://abcnews.go.com/amp/Politics/newest-vehicle-oldest-hatred-opinion/story?id=75542375&id=75542375&__twitter_impression=true']
39,2021-01-29 04:16:32+00:00,ncri_io,1355006892880371712,"@RepRiggleman (@denver4va), Chief Strategist for the Network Contagion Research Institute, on @NewsHour PBS with Judie Woodruff on the role of stop the steal disinformation and populism in the identity of the Republican Party.

https://t.co/rUEfmLjwP1",https://twitter.com/ncri_io/status/1355006892880371712,0,3,2,0,,"[User(username='RepRiggleman', id=1080504024695222273, displayname='Denver Riggleman', description=None, rawDescription=None, descriptionUrls=None, verified=None, created=None, followersCount=None, friendsCount=None, statusesCount=None, favouritesCount=None, listedCount=None, mediaCount=None, location=None, protected=None, linkUrl=None, linkTcourl=None, profileImageUrl=None, profileBannerUrl=None, label=None), User(username='Denver4VA', id=818507671284416513, displayname='Denver Lee Riggleman III', description=None, rawDescription=None, descriptionUrls=None, verified=None, created=None, followersCount=None, friendsCount=None, statusesCount=None, favouritesCount=None, listedCount=None, mediaCount=None, location=None, protected=None, linkUrl=None, linkTcourl=None, profileImageUrl=None, profileBannerUrl=None, label=None), User(username='NewsHour', id=14437914, displayname='PBS NewsHour', description=None, rawDescription=None, descriptionUrls=None, verified=None, created=None, followersCount=None, friendsCount=None, statusesCount=None, favouritesCount=None, listedCount=None, mediaCount=None, location=None, protected=None, linkUrl=None, linkTcourl=None, profileImageUrl=None, profileBannerUrl=None, label=None)]",['https://www.pbs.org/newshour/show/with-trump-out-of-office-the-republican-party-is-having-an-identity-crisis']
40,2021-01-15 20:00:51+00:00,ncri_io,1350171105500213248,"NCRI warnings:

1) #J17 or, Jan 17 presents high risk for Boog activity.
2) Boogaloo extremists now plan to provoke Law Enforcement into recorded conflict to trigger retaliation.
3) LE officials and Lawmakers are clear targets and extremist may pose as ANTIFA to add to confusion.",https://twitter.com/ncri_io/status/1350171105500213248,2,9,17,0,,,
41,2021-01-15 20:00:50+00:00,ncri_io,1350171104409755656,"NCRI reported in June massive increases in Boogaloo activity during quarantine, with growth in sophistication - including real-world training for kidnapping exercises and flexible co-option of BLM narratives to drive accelerationist violence

https://t.co/uqCHutr0FU",https://twitter.com/ncri_io/status/1350171104409755656,1,4,14,0,,,['https://networkcontagion.us/reports/covid-19-conspiracy-and-contagious-sedition-a-case-study-on-the-militia-sphere/']
42,2021-01-15 20:00:50+00:00,ncri_io,1350171102165807107,"NCRI topic networks from over 100 million comments, depict the Boogaloo as an apocalyptic militia which has been incredibly prescient.  4chan and other extremist communities fantasize of a mass, violent civil war with RWDs (right wing death squads) and ANTIFA as far back as 2019. https://t.co/9F4sCc1IvZ",https://twitter.com/ncri_io/status/1350171102165807107,1,1,7,1,,,
43,2021-01-15 20:00:49+00:00,ncri_io,1350171098197983232,"THREAD:

With the largest data driven characterization to date at the time, The NCRI warned platforms, the international association of chiefs of police and federal agencies of the imminent insurgent threat of the Boogaloo-reported in the Guardian today. 

https://t.co/Fpx3IyOwZO",https://twitter.com/ncri_io/status/1350171098197983232,2,16,28,1,,,['https://www.theguardian.com/world/2021/jan/15/boogaloo-killing-facebook-dave-patrick-underwood-police']
44,2021-01-10 04:05:46+00:00,ncri_io,1348118811422162945,@IdahoIndep @AlexWGoldenberg @RepRiggleman Screenshots?,https://twitter.com/ncri_io/status/1348118811422162945,2,0,3,0,,"[User(username='IdahoIndep', id=2741370595, displayname='IdahoVeteranPatriot', description=None, rawDescription=None, descriptionUrls=None, verified=None, created=None, followersCount=None, friendsCount=None, statusesCount=None, favouritesCount=None, listedCount=None, mediaCount=None, location=None, protected=None, linkUrl=None, linkTcourl=None, profileImageUrl=None, profileBannerUrl=None, label=None), User(username='AlexWGoldenberg', id=4146567496, displayname='Alex Goldenberg', description=None, rawDescription=None, descriptionUrls=None, verified=None, created=None, followersCount=None, friendsCount=None, statusesCount=None, favouritesCount=None, listedCount=None, mediaCount=None, location=None, protected=None, linkUrl=None, linkTcourl=None, profileImageUrl=None, profileBannerUrl=None, label=None), User(username='RepRiggleman', id=1080504024695222273, displayname='Denver Riggleman', description=None, rawDescription=None, descriptionUrls=None, verified=None, created=None, followersCount=None, friendsCount=None, statusesCount=None, favouritesCount=None, listedCount=None, mediaCount=None, location=None, protected=None, linkUrl=None, linkTcourl=None, profileImageUrl=None, profileBannerUrl=None, label=None)]",
45,2021-01-10 01:22:44+00:00,ncri_io,1348077783176638464,"NCRI's Assessment on the events of Jan 6.

https://t.co/REaz5ROTsG

Thanks to John Farmer, Chief Council to the 9-11 Commission, Denver Riggleman, Chief Strategist at NCRI and Brian Harrell, former Asst Sec of CISA at DHS for their contributions. @RepRiggleman @gridsecure",https://twitter.com/ncri_io/status/1348077783176638464,7,85,101,27,,"[User(username='RepRiggleman', id=1080504024695222273, displayname='Denver Riggleman', description=None, rawDescription=None, descriptionUrls=None, verified=None, created=None, followersCount=None, friendsCount=None, statusesCount=None, favouritesCount=None, listedCount=None, mediaCount=None, location=None, protected=None, linkUrl=None, linkTcourl=None, profileImageUrl=None, profileBannerUrl=None, label=None), User(username='gridsecure', id=708319387875483648, displayname='Brian Harrell', description=None, rawDescription=None, descriptionUrls=None, verified=None, created=None, followersCount=None, friendsCount=None, statusesCount=None, favouritesCount=None, listedCount=None, mediaCount=None, location=None, protected=None, linkUrl=None, linkTcourl=None, profileImageUrl=None, profileBannerUrl=None, label=None)]",['https://networkcontagion.us/reports/assessment-of-the-capitol-riots/']
46,2021-01-09 17:42:18+00:00,ncri_io,1347961910822658048,"Comments by Joel Finkelstein, Director of the NCRI. 

""Conspiracies on the web have mushroomed from smaller, obscure sites like 8kun frequented by adherents of QAnon to more mainstream sites like Facebook, Twitter and Instagram.""
https://t.co/Nis6OP6gdJ",https://twitter.com/ncri_io/status/1347961910822658048,2,43,69,4,,,['https://www.cnn.com/2021/01/08/us/online-extremism-inauguration-capitol-invs/index.html']
47,2021-01-08 17:29:05+00:00,ncri_io,1347596196915908608,@BrandyZadrozny !!!  Thanks Brandy.,https://twitter.com/ncri_io/status/1347596196915908608,0,0,8,0,,"[User(username='BrandyZadrozny', id=360743972, displayname='Brandy Zadrozny', description=None, rawDescription=None, descriptionUrls=None, verified=None, created=None, followersCount=None, friendsCount=None, statusesCount=None, favouritesCount=None, listedCount=None, mediaCount=None, location=None, protected=None, linkUrl=None, linkTcourl=None, profileImageUrl=None, profileBannerUrl=None, label=None)]",
48,2021-01-08 17:28:21+00:00,ncri_io,1347596012291043332,"Great work here featuring NCRI's work by @oneunderscore__  Comments with @RepRiggleman and @AlexWGoldenberg .

https://t.co/aGUVKA4tC8",https://twitter.com/ncri_io/status/1347596012291043332,1,33,51,4,,"[User(username='oneunderscore__', id=102594136, displayname='Ben Collins', description=None, rawDescription=None, descriptionUrls=None, verified=None, created=None, followersCount=None, friendsCount=None, statusesCount=None, favouritesCount=None, listedCount=None, mediaCount=None, location=None, protected=None, linkUrl=None, linkTcourl=None, profileImageUrl=None, profileBannerUrl=None, label=None), User(username='RepRiggleman', id=1080504024695222273, displayname='Denver Riggleman', description=None, rawDescription=None, descriptionUrls=None, verified=None, created=None, followersCount=None, friendsCount=None, statusesCount=None, favouritesCount=None, listedCount=None, mediaCount=None, location=None, protected=None, linkUrl=None, linkTcourl=None, profileImageUrl=None, profileBannerUrl=None, label=None), User(username='AlexWGoldenberg', id=4146567496, displayname='Alex Goldenberg', description=None, rawDescription=None, descriptionUrls=None, verified=None, created=None, followersCount=None, friendsCount=None, statusesCount=None, favouritesCount=None, listedCount=None, mediaCount=None, location=None, protected=None, linkUrl=None, linkTcourl=None, profileImageUrl=None, profileBannerUrl=None, label=None)]",['https://www.nbcnews.com/tech/internet/extremists-made-little-secret-ambitions-occupy-capital-weeks-attack-n1253499']
49,2021-01-08 14:49:49+00:00,ncri_io,1347556118688657409,"Special thanks to @RepRiggleman and @AlexWGoldenberg, @PamelaParesky and @PsychRabble for their work on this report, and of course, to @McCormickProf, for his always thoughtful contributions.",https://twitter.com/ncri_io/status/1347556118688657409,4,5,20,0,,"[User(username='RepRiggleman', id=1080504024695222273, displayname='Denver Riggleman', description=None, rawDescription=None, descriptionUrls=None, verified=None, created=None, followersCount=None, friendsCount=None, statusesCount=None, favouritesCount=None, listedCount=None, mediaCount=None, location=None, protected=None, linkUrl=None, linkTcourl=None, profileImageUrl=None, profileBannerUrl=None, label=None), User(username='AlexWGoldenberg', id=4146567496, displayname='Alex Goldenberg', description=None, rawDescription=None, descriptionUrls=None, verified=None, created=None, followersCount=None, friendsCount=None, statusesCount=None, favouritesCount=None, listedCount=None, mediaCount=None, location=None, protected=None, linkUrl=None, linkTcourl=None, profileImageUrl=None, profileBannerUrl=None, label=None), User(username='PamelaParesky', id=249951632, displayname='Pamela Paresky (Habits of a Free Mind)', description=None, rawDescription=None, descriptionUrls=None, verified=None, created=None, followersCount=None, friendsCount=None, statusesCount=None, favouritesCount=None, listedCount=None, mediaCount=None, location=None, protected=None, linkUrl=None, linkTcourl=None, profileImageUrl=None, profileBannerUrl=None, label=None), User(username='PsychRabble', id=832606155973201921, displayname='The Dark Pirate Jussim', description=None, rawDescription=None, descriptionUrls=None, verified=None, created=None, followersCount=None, friendsCount=None, statusesCount=None, favouritesCount=None, listedCount=None, mediaCount=None, location=None, protected=None, linkUrl=None, linkTcourl=None, profileImageUrl=None, profileBannerUrl=None, label=None), User(username='McCormickProf', id=1969097227, displayname='Robert P. Georgeüáªüá¶üá∫üá∏ü™ï', description=None, rawDescription=None, descriptionUrls=None, verified=None, created=None, followersCount=None, friendsCount=None, statusesCount=None, favouritesCount=None, listedCount=None, mediaCount=None, location=None, protected=None, linkUrl=None, linkTcourl=None, profileImageUrl=None, profileBannerUrl=None, label=None)]",
50,2021-01-08 14:44:03+00:00,ncri_io,1347554666784169990,"To find out more information about Antisemitic disinformation and its special role in feeding conspiratorial frenzy, read more in NCRI's report: https://t.co/sO1MPcRHVu",https://twitter.com/ncri_io/status/1347554666784169990,1,17,24,2,,,['https://networkcontagion.us/reports/antisemitic-disinformation-a-study-of-the-online-dissemination-of-anti-jewish-conspiracy-theories/']
51,2021-01-08 14:44:03+00:00,ncri_io,1347554665702027265,"Antisemitic disinformation is a hallmark for QAnon information operations, serving a critical role for the mythology in fueling grievances about a notoriously Jewish deep state, complete with myths of drinking children's blood.",https://twitter.com/ncri_io/status/1347554665702027265,1,16,20,3,,,
52,2021-01-08 14:44:03+00:00,ncri_io,1347554664594726914,"In a report from last Dec, NCRI finds that antisemitic disinformation reliably emerges during episodes of critical vulnerability for democratic societies - from state actors, extremist and conspiracy communities - conjoining together to amplify the signal, like a fever spiking.",https://twitter.com/ncri_io/status/1347554664594726914,1,14,17,1,,,
53,2021-01-08 14:44:02+00:00,ncri_io,1347554663395192833,"THREAD:

The NCRI finds large increases in antisemitic disinformation now trending across social media sites, including Reddit and Twitter (below, NCRI seeking to fill data gap now). https://t.co/0X0BOchr0r",https://twitter.com/ncri_io/status/1347554663395192833,12,90,131,13,,,
54,2021-01-07 20:13:24+00:00,ncri_io,1347275161268088839,The NCRI is calling for the creation of an independent public trust to defend democracy from extremism and conspiracy theories.  This is a contagion and we need new thinking and solutions for information sharing and transparency to combat a growing epidemic of disinformation.,https://twitter.com/ncri_io/status/1347275161268088839,5,78,233,5,,,
55,2021-01-07 20:13:23+00:00,ncri_io,1347275159804276745,Recent findings with @RepRiggleman and @PERIL_AU detail the growing coordination between political leadership and this increasingly militant movement. https://t.co/PmW4tDyjgv,https://twitter.com/ncri_io/status/1347275159804276745,4,70,115,3,,"[User(username='RepRiggleman', id=1080504024695222273, displayname='Denver Riggleman', description=None, rawDescription=None, descriptionUrls=None, verified=None, created=None, followersCount=None, friendsCount=None, statusesCount=None, favouritesCount=None, listedCount=None, mediaCount=None, location=None, protected=None, linkUrl=None, linkTcourl=None, profileImageUrl=None, profileBannerUrl=None, label=None), User(username='PERIL_AU', id=1284512788065529859, displayname='PERIL', description=None, rawDescription=None, descriptionUrls=None, verified=None, created=None, followersCount=None, friendsCount=None, statusesCount=None, favouritesCount=None, listedCount=None, mediaCount=None, location=None, protected=None, linkUrl=None, linkTcourl=None, profileImageUrl=None, profileBannerUrl=None, label=None)]",['https://networkcontagion.us/reports/the-qanon-conspiracy-destroying-families-dividing-communities-undermining-democracy/']
56,2021-01-07 20:13:23+00:00,ncri_io,1347275157979729921,"NCRI has previously warned about the militarization of QAnon in April of 2020 showing increases in their adoption of terms such QArmy and military paraphernalia, much of which was on display in DC. https://t.co/uqCHutr0FU",https://twitter.com/ncri_io/status/1347275157979729921,3,85,159,2,,,['https://networkcontagion.us/reports/covid-19-conspiracy-and-contagious-sedition-a-case-study-on-the-militia-sphere/']
57,2021-01-07 20:13:22+00:00,ncri_io,1347275155287007235,Analysis from NCRI shows simultaneous increases in related hashtags on Twitter suggesting wide adoption of the coded operation. https://t.co/8sFcrJwV5D,https://twitter.com/ncri_io/status/1347275155287007235,1,62,137,5,,,
58,2021-01-07 20:13:21+00:00,ncri_io,1347275150736183296,"THREAD:

NCRI is finding evidence of planning behind the recent storming of the Capitol Building.  Evidence includes this image, found on Facebook in groups with over 150k followers, the Trump Train in late Dec.  Posts were also detected on Twitter and 8chan. https://t.co/ot4tLgzfLa",https://twitter.com/ncri_io/status/1347275150736183296,75,648,1007,166,,,
59,2021-01-07 01:20:44+00:00,ncri_io,1346990118054330377,A Press Release on Disinformation and Events at the U.S. Capitol from the NCRI. https://t.co/J2CnyPWzO8,https://twitter.com/ncri_io/status/1346990118054330377,1,16,29,3,,,
60,2021-01-03 18:15:52+00:00,ncri_io,1345796033557749762,Honored to have @RepRiggleman joining us on board the NCRI.,https://twitter.com/ncri_io/status/1345796033557749762,1,2,31,0,,"[User(username='RepRiggleman', id=1080504024695222273, displayname='Denver Riggleman', description=None, rawDescription=None, descriptionUrls=None, verified=None, created=None, followersCount=None, friendsCount=None, statusesCount=None, favouritesCount=None, listedCount=None, mediaCount=None, location=None, protected=None, linkUrl=None, linkTcourl=None, profileImageUrl=None, profileBannerUrl=None, label=None)]",
61,2020-12-30 21:52:15+00:00,ncri_io,1344400936811319296,Thanks for doing this with us @PERIL_AU   @ADL and @orensegal.  This was a terrific conversation and great partners. https://t.co/AZq6zPmmPL,https://twitter.com/ncri_io/status/1344400936811319296,0,8,5,0,https://twitter.com/ADL/status/1344357590004858880,"[User(username='PERIL_AU', id=1284512788065529859, displayname='PERIL', description=None, rawDescription=None, descriptionUrls=None, verified=None, created=None, followersCount=None, friendsCount=None, statusesCount=None, favouritesCount=None, listedCount=None, mediaCount=None, location=None, protected=None, linkUrl=None, linkTcourl=None, profileImageUrl=None, profileBannerUrl=None, label=None), User(username='ADL', id=19670226, displayname='ADL', description=None, rawDescription=None, descriptionUrls=None, verified=None, created=None, followersCount=None, friendsCount=None, statusesCount=None, favouritesCount=None, listedCount=None, mediaCount=None, location=None, protected=None, linkUrl=None, linkTcourl=None, profileImageUrl=None, profileBannerUrl=None, label=None), User(username='orensegal', id=18311642, displayname='Oren Segal', description=None, rawDescription=None, descriptionUrls=None, verified=None, created=None, followersCount=None, friendsCount=None, statusesCount=None, favouritesCount=None, listedCount=None, mediaCount=None, location=None, protected=None, linkUrl=None, linkTcourl=None, profileImageUrl=None, profileBannerUrl=None, label=None)]",['https://twitter.com/ADL/status/1344357590004858880']
62,2020-12-18 18:31:46+00:00,ncri_io,1340001826628915202,"Many thanks to all of authors and contributors: @RepRiggleman, @PamelaParesky, @PsychRabble and @McCormickProf   for your valuable contributions and ongoing support of the NCRI",https://twitter.com/ncri_io/status/1340001826628915202,0,0,4,1,,"[User(username='RepRiggleman', id=1080504024695222273, displayname='Denver Riggleman', description=None, rawDescription=None, descriptionUrls=None, verified=None, created=None, followersCount=None, friendsCount=None, statusesCount=None, favouritesCount=None, listedCount=None, mediaCount=None, location=None, protected=None, linkUrl=None, linkTcourl=None, profileImageUrl=None, profileBannerUrl=None, label=None), User(username='PamelaParesky', id=249951632, displayname='Pamela Paresky (Habits of a Free Mind)', description=None, rawDescription=None, descriptionUrls=None, verified=None, created=None, followersCount=None, friendsCount=None, statusesCount=None, favouritesCount=None, listedCount=None, mediaCount=None, location=None, protected=None, linkUrl=None, linkTcourl=None, profileImageUrl=None, profileBannerUrl=None, label=None), User(username='PsychRabble', id=832606155973201921, displayname='The Dark Pirate Jussim', description=None, rawDescription=None, descriptionUrls=None, verified=None, created=None, followersCount=None, friendsCount=None, statusesCount=None, favouritesCount=None, listedCount=None, mediaCount=None, location=None, protected=None, linkUrl=None, linkTcourl=None, profileImageUrl=None, profileBannerUrl=None, label=None), User(username='McCormickProf', id=1969097227, displayname='Robert P. Georgeüáªüá¶üá∫üá∏ü™ï', description=None, rawDescription=None, descriptionUrls=None, verified=None, created=None, followersCount=None, friendsCount=None, statusesCount=None, favouritesCount=None, listedCount=None, mediaCount=None, location=None, protected=None, linkUrl=None, linkTcourl=None, profileImageUrl=None, profileBannerUrl=None, label=None)]",
63,2020-12-18 18:30:10+00:00,ncri_io,1340001424315461633,"Antisemitism - the world's oldest hate thrives its newest digital medium.  Learn how state actors, extremist communities and conspiracy groups conjoin to disseminate antisemitic disinformation against pillars of democracy at moments of vulnerability.

https://t.co/Pd1rllCKfY",https://twitter.com/ncri_io/status/1340001424315461633,1,11,15,2,,,['https://tinyurl.com/yb23htl5']
64,2020-12-16 14:01:21+00:00,ncri_io,1339209000265650179,@ratemyskyperoom Thanks for the wire tip. https://t.co/p1sc3dcSxf,https://twitter.com/ncri_io/status/1339209000265650179,0,0,1,0,https://twitter.com/ratemyskyperoom/status/1339206551349960704,"[User(username='ratemyskyperoom', id=1248996730940448774, displayname='Room Rater', description=None, rawDescription=None, descriptionUrls=None, verified=None, created=None, followersCount=None, friendsCount=None, statusesCount=None, favouritesCount=None, listedCount=None, mediaCount=None, location=None, protected=None, linkUrl=None, linkTcourl=None, profileImageUrl=None, profileBannerUrl=None, label=None)]",['https://twitter.com/ratemyskyperoom/status/1339206551349960704']
65,2020-12-16 13:30:39+00:00,ncri_io,1339201275053953031,thanks @McCormickProf https://t.co/NcKAEQpHOs,https://twitter.com/ncri_io/status/1339201275053953031,0,0,1,0,https://twitter.com/McCormickProf/status/1338966267760406530,"[User(username='McCormickProf', id=1969097227, displayname='Robert P. Georgeüáªüá¶üá∫üá∏ü™ï', description=None, rawDescription=None, descriptionUrls=None, verified=None, created=None, followersCount=None, friendsCount=None, statusesCount=None, favouritesCount=None, listedCount=None, mediaCount=None, location=None, protected=None, linkUrl=None, linkTcourl=None, profileImageUrl=None, profileBannerUrl=None, label=None)]",['https://twitter.com/McCormickProf/status/1338966267760406530']
66,2020-12-16 00:59:58+00:00,ncri_io,1339012356354019328,"Read our latest report now live.  We now see extremist groups, state actors and conspiracy theory groups like QAnon seizing on antisemitism as a core strategy to secure power and influence.  

Tune in to @andersoncooper on @CNN tonight to learn more.

https://t.co/sO1MPcRHVu",https://twitter.com/ncri_io/status/1339012356354019328,0,14,16,5,,"[User(username='andersoncooper', id=15224867, displayname='Anderson Cooper', description=None, rawDescription=None, descriptionUrls=None, verified=None, created=None, followersCount=None, friendsCount=None, statusesCount=None, favouritesCount=None, listedCount=None, mediaCount=None, location=None, protected=None, linkUrl=None, linkTcourl=None, profileImageUrl=None, profileBannerUrl=None, label=None), User(username='CNN', id=759251, displayname='CNN', description=None, rawDescription=None, descriptionUrls=None, verified=None, created=None, followersCount=None, friendsCount=None, statusesCount=None, favouritesCount=None, listedCount=None, mediaCount=None, location=None, protected=None, linkUrl=None, linkTcourl=None, profileImageUrl=None, profileBannerUrl=None, label=None)]",['https://networkcontagion.us/reports/antisemitic-disinformation-a-study-of-the-online-dissemination-of-anti-jewish-conspiracy-theories/']
67,2020-12-01 13:52:50+00:00,ncri_io,1333771039600496651,@areidross https://t.co/JtSEIOqjTV,https://twitter.com/ncri_io/status/1333771039600496651,0,0,0,0,,"[User(username='areidross', id=812363924, displayname='Alexander Reid Ross üåª', description=None, rawDescription=None, descriptionUrls=None, verified=None, created=None, followersCount=None, friendsCount=None, statusesCount=None, favouritesCount=None, listedCount=None, mediaCount=None, location=None, protected=None, linkUrl=None, linkTcourl=None, profileImageUrl=None, profileBannerUrl=None, label=None)]",['https://www.pennlive.com/resizer/TODOcTQw8odqsPNdkcLNffBA-h0=/1280x0/smart/advancelocal-adapter-image-uploads.s3.amazonaws.com/image.pennlive.com/home/penn-media/width2048/img/life/photo/23658738-standard.jpg']
68,2020-11-02 14:50:52+00:00,ncri_io,1323276394198114306,"Please look under the ""Pool of Knowledge"" section of the site for our work.",https://twitter.com/ncri_io/status/1323276394198114306,0,0,1,0,,,
69,2020-11-02 14:49:01+00:00,ncri_io,1323275930832457729,"NCRI Director, Joel Finkelstein was Co-chair of the recent conference U.S. State Department's Conference to Combat Global Antisemitism, the first conference on the topic in the history of the department.  Here is NCRI's presentation:

https://t.co/r6wloDjfDz",https://twitter.com/ncri_io/status/1323275930832457729,1,1,4,0,,,['https://www.state.gov/anti-semitism-conference/']
70,2020-10-12 14:42:42+00:00,ncri_io,1315664194495303681,"""A recent report by the Network Contagion Research Institute, which tracks online hate, documented how violent groups in what it calls the ‚Äúmilitia-sphere‚Äù are using increasingly violent rhetoric ‚Äî and reaching more people."" via @JTAnews 

https://t.co/AL3jehh4ne",https://twitter.com/ncri_io/status/1315664194495303681,0,2,1,0,,"[User(username='JTAnews', id=14276734, displayname='JTA | Jewish news', description=None, rawDescription=None, descriptionUrls=None, verified=None, created=None, followersCount=None, friendsCount=None, statusesCount=None, favouritesCount=None, listedCount=None, mediaCount=None, location=None, protected=None, linkUrl=None, linkTcourl=None, profileImageUrl=None, profileBannerUrl=None, label=None)]",['https://www.jta.org/2020/10/08/united-states/officials-fear-violence-on-election-day-some-worry-it-could-target-the-jews']
71,2020-10-11 13:59:01+00:00,ncri_io,1315290812578779136,"‚ÄúFinkelstein, the NCRI co-founder, said that Facebook did not currently have enough incentive to regulate itself, since extremist content was very engaging. ‚ÄúIt‚Äôs not in their financial interest‚Äù to change.""  https://t.co/GTbmRjBTd7",https://twitter.com/ncri_io/status/1315290812578779136,0,1,3,0,,,['https://www.theguardian.com/p/f3qez/stw']
72,2020-10-01 14:55:45+00:00,ncri_io,1311681210603765761,Read our full report here: https://t.co/GzIaxe0YqZ,https://twitter.com/ncri_io/status/1311681210603765761,0,1,3,0,,,['http://ncri.io/wp-content/uploads/NCRI-White-Paper-Network-Enabled-Anarchy.pdf']
73,2020-10-01 14:54:59+00:00,ncri_io,1311681020794753026,"A powerful Op-Ed by @fstockman of the @nytimes on the penetration of ""insurrectionary anarchists"" attempting to co-opt recent protests featured NCRI's recent report on network-enabled anarchy. 

https://t.co/AxNsoO6ndf",https://twitter.com/ncri_io/status/1311681020794753026,3,3,9,3,,"[User(username='fstockman', id=46525604, displayname='Farah Stockman', description=None, rawDescription=None, descriptionUrls=None, verified=None, created=None, followersCount=None, friendsCount=None, statusesCount=None, favouritesCount=None, listedCount=None, mediaCount=None, location=None, protected=None, linkUrl=None, linkTcourl=None, profileImageUrl=None, profileBannerUrl=None, label=None), User(username='nytimes', id=807095, displayname='The New York Times', description=None, rawDescription=None, descriptionUrls=None, verified=None, created=None, followersCount=None, friendsCount=None, statusesCount=None, favouritesCount=None, listedCount=None, mediaCount=None, location=None, protected=None, linkUrl=None, linkTcourl=None, profileImageUrl=None, profileBannerUrl=None, label=None)]",['https://www.nytimes.com/2020/09/30/opinion/anarchists-protests-black-lives-matter.html']
74,2020-04-22 15:14:23+00:00,ncri_io,1252979068800315392,NCRI research featured in recent reports on NBC https://t.co/XhcwQxnmZK,https://twitter.com/ncri_io/status/1252979068800315392,1,5,8,0,,,['https://www.nbcnews.com/tech/security/trump-s-liberate-tweets-extremists-see-call-arms-n1186561']
75,2020-04-22 15:12:38+00:00,ncri_io,1252978627102326784,"And see the interview on @CNN  with @AlexWGoldenberg, NCRI senior intelligence analyst, on this report.",https://twitter.com/ncri_io/status/1252978627102326784,1,1,2,0,,"[User(username='CNN', id=759251, displayname='CNN', description=None, rawDescription=None, descriptionUrls=None, verified=None, created=None, followersCount=None, friendsCount=None, statusesCount=None, favouritesCount=None, listedCount=None, mediaCount=None, location=None, protected=None, linkUrl=None, linkTcourl=None, profileImageUrl=None, profileBannerUrl=None, label=None), User(username='AlexWGoldenberg', id=4146567496, displayname='Alex Goldenberg', description=None, rawDescription=None, descriptionUrls=None, verified=None, created=None, followersCount=None, friendsCount=None, statusesCount=None, favouritesCount=None, listedCount=None, mediaCount=None, location=None, protected=None, linkUrl=None, linkTcourl=None, profileImageUrl=None, profileBannerUrl=None, label=None)]",
76,2020-04-22 15:10:56+00:00,ncri_io,1252978200818470912,"Humbled to have our latest research at the NCRI featured in the @washingtonpost showing an outbreak of anti-Asian hate and disinformation in the wake of the COVID-19.

https://t.co/SaoJxUH4Df",https://twitter.com/ncri_io/status/1252978200818470912,1,4,13,1,,"[User(username='washingtonpost', id=2467791, displayname='The Washington Post', description=None, rawDescription=None, descriptionUrls=None, verified=None, created=None, followersCount=None, friendsCount=None, statusesCount=None, favouritesCount=None, listedCount=None, mediaCount=None, location=None, protected=None, linkUrl=None, linkTcourl=None, profileImageUrl=None, profileBannerUrl=None, label=None)]",['http://washingtonpost.com/technology/2020/04/08/coronavirus-spreads-so-does-online-racism-targeting-asians-new-research-shows/']
77,2019-07-18 16:55:14+00:00,ncri_io,1151898231288336384,https://t.co/tIhiz3ZmZP,https://twitter.com/ncri_io/status/1151898231288336384,0,1,3,0,https://twitter.com/TwitterDev/status/1151520361529430016,,['https://twitter.com/TwitterDev/status/1151520361529430016']
78,2019-05-20 21:28:17+00:00,ncri_io,1130586063183814656,No Lone Shooter: How Anti-Semitism Is Winning New Converts on the¬†Internet https://t.co/mi82JyPxAA,https://twitter.com/ncri_io/status/1130586063183814656,0,5,6,0,,,['http://ncri.io/2019/05/20/no-lone-shooter-how-anti-semitism-is-winning-new-converts-on-the-internet/']
79,2019-04-29 19:38:16+00:00,ncri_io,1122948233620115456,Our work indicates this trend in online radicalization is increasing. Please donate  https://t.co/2QpK44Etas to help us mitigate this worrying problem before it‚Äôs too late.,https://twitter.com/ncri_io/status/1122948233620115456,0,0,0,0,,,['http://ncr.io/donate']
80,2019-04-29 19:38:16+00:00,ncri_io,1122948232751882241,"Thanks to @adl for helping sponsor the leading research and work uncovering, monitoring, and understanding online extremist communities. While we appreciate the partnership, we are always in need of additional funding to help expand and dig deeper into this worrying problem.",https://twitter.com/ncri_io/status/1122948232751882241,1,0,0,0,,"[User(username='ADL', id=19670226, displayname='ADL', description=None, rawDescription=None, descriptionUrls=None, verified=None, created=None, followersCount=None, friendsCount=None, statusesCount=None, favouritesCount=None, listedCount=None, mediaCount=None, location=None, protected=None, linkUrl=None, linkTcourl=None, profileImageUrl=None, profileBannerUrl=None, label=None)]",
81,2019-04-29 19:31:28+00:00,ncri_io,1122946522503634960,The New Yorker: Inside the Team at Facebook That Dealt with the Christchurch¬†Shooting https://t.co/TZ0xjSTXF8,https://twitter.com/ncri_io/status/1122946522503634960,0,1,2,0,,,['http://ncri.io/2019/04/29/the-new-yorker-inside-the-team-at-facebook-that-dealt-with-the-christchurch-shooting/']
82,2019-04-10 16:34:21+00:00,ncri_io,1116016577827229697,"WESA: Alleged Pittsburgh And Christchurch Shooters Had Similar Online Activity, Report¬†Finds https://t.co/VUyDVqvnbZ",https://twitter.com/ncri_io/status/1116016577827229697,0,2,1,0,,,['http://ncri.io/2019/04/10/wesa-alleged-pittsburgh-and-christchurch-shooters-had-similar-online-activity-report-finds/']
83,2019-04-10 16:28:41+00:00,ncri_io,1116015150320898049,"Post Gazette: Report rips online haunts of accused Tree of Life, New Zealand shooters as platforms for¬†extremism https://t.co/wI5gQ8GOqZ",https://twitter.com/ncri_io/status/1116015150320898049,0,2,1,0,,,['http://ncri.io/2019/04/10/post-gazette-report-rips-online-haunts-of-accused-tree-of-life-new-zealand-shooters-as-platforms-for-extremism/']
84,2019-04-10 16:26:02+00:00,ncri_io,1116014483686731776,The Crime Report: How ‚ÄòEcho Chambers of Hate‚Äô on Social Media Fuel Right-Wing¬†Violence https://t.co/EP9UsHgK4x,https://twitter.com/ncri_io/status/1116014483686731776,0,1,2,0,,,['http://ncri.io/2019/04/10/the-crime-report-how-echo-chambers-of-hate-on-social-media-fuel-right-wing-violence/']
85,2019-04-10 16:24:00+00:00,ncri_io,1116013971943903233,Jewish Journal: New ADL Report Highlights ‚ÄòWhite Genocide‚Äô Rhetoric on Social¬†Media https://t.co/E8Yjokpkei,https://twitter.com/ncri_io/status/1116013971943903233,0,1,1,0,,,['http://ncri.io/2019/04/10/jewish-journal-new-adl-report-highlights-white-genocide-rhetoric-on-social-media/']
86,2019-04-10 16:16:01+00:00,ncri_io,1116011963690053634,"ADL and NCRI Report: Gab, 4 Chan, 8chan serve as ‚Äúround-the-clock racist¬†rallies‚Äù https://t.co/CMnEC6Ugi5",https://twitter.com/ncri_io/status/1116011963690053634,0,3,4,0,,,['http://ncri.io/2019/04/10/adl-and-ncri-report-gab-4-chan-8chan-serve-as-round-the-clock-racist-rallies/']
87,2019-04-03 17:50:54+00:00,ncri_io,1113499126531022849,The Rot Starts At The Top: The Problem With De-Platforming The¬†Far-Right https://t.co/fFjeuPjtuG,https://twitter.com/ncri_io/status/1113499126531022849,0,0,0,0,,,['http://ncri.io/2019/04/03/the-rot-starts-at-the-top-the-problem-with-de-platforming-the-far-right/']
88,2019-03-27 15:38:03+00:00,ncri_io,1110928981438722048,@zsavvas90 So meta it hurts...,https://twitter.com/ncri_io/status/1110928981438722048,0,0,0,0,,"[User(username='zsavvas90', id=2383638403, displayname='Savvas Zannettou', description=None, rawDescription=None, descriptionUrls=None, verified=None, created=None, followersCount=None, friendsCount=None, statusesCount=None, favouritesCount=None, listedCount=None, mediaCount=None, location=None, protected=None, linkUrl=None, linkTcourl=None, profileImageUrl=None, profileBannerUrl=None, label=None)]",
89,2019-03-26 17:55:24+00:00,ncri_io,1110601158551392258,Can We Block a Shooter‚Äôs Viral¬†Aspirations? https://t.co/F1wAMpHhFm,https://twitter.com/ncri_io/status/1110601158551392258,0,0,0,0,,,['http://ncri.io/2019/03/26/can-we-block-a-shooters-viral-aspirations/']
90,2019-03-26 17:50:14+00:00,ncri_io,1110599858359099394,The twin hatreds: How white supremacy and Islamist terrorism strengthen each other online ‚Äî and in a deadly cycle of¬†attacks https://t.co/xiJ6agBlLG,https://twitter.com/ncri_io/status/1110599858359099394,0,1,0,0,,,['http://ncri.io/2019/03/26/the-twin-hatreds-how-white-supremacy-and-islamist-terrorism-strengthen-each-other-online-and-in-a-deadly-cycle-of-attacks/']
91,2019-03-26 17:42:30+00:00,ncri_io,1110597910096433153,8chan looks like a terrorist recruiting site after the New Zealand shootings. Should the government treat it like¬†one? https://t.co/9QtCV4rSCl,https://twitter.com/ncri_io/status/1110597910096433153,0,0,0,1,,,['http://ncri.io/2019/03/26/8chan-looks-like-a-terrorist-recruiting-site-after-the-new-zealand-shootings-should-the-government-treat-it-like-one/']
92,2019-03-13 16:18:41+00:00,ncri_io,1105865777071034368,We are so excited to be partnering with ADL! https://t.co/zerlOZPxV4,https://twitter.com/ncri_io/status/1105865777071034368,0,0,2,0,https://twitter.com/orensegal/status/1105575434861850625,,['https://twitter.com/orensegal/status/1105575434861850625']
93,2019-03-13 15:58:57+00:00,ncri_io,1105860811254304769,ADL Partners with Network Contagion Research Institute to Study How Hate and Extremism Spread on Social¬†Media https://t.co/ZrBBf3t7JE,https://twitter.com/ncri_io/status/1105860811254304769,0,0,0,0,,,['http://ncri.io/2019/03/13/adl-partners-with-network-contagion-research-institute-to-study-how-hate-and-extremism-spread-on-social-media/']
94,2019-03-13 15:47:19+00:00,ncri_io,1105857879708524545,"When Twitter Bans Extremists, GAB Puts Out the Welcome¬†Mat https://t.co/kD8HfEFYrq",https://twitter.com/ncri_io/status/1105857879708524545,0,0,0,0,,,['http://ncri.io/2019/03/13/when-twitter-bans-extremists-gab-puts-out-the-welcome-mat/']
95,2019-03-13 15:44:39+00:00,ncri_io,1105857211857887233,"Post Gazette ‚Äì When Twitter bans, Gab¬†grows https://t.co/nRkPC6iK2w",https://twitter.com/ncri_io/status/1105857211857887233,0,0,0,0,,,['http://ncri.io/2019/03/13/post-gazette-when-twitter-bans-gab-grows/']
96,2019-03-11 17:11:05+00:00,ncri_io,1105154185064927232,HATE IS WAY MORE INTERESTING THAN THAT‚Äô: WHY ALGORITHMS CAN‚ÄôT STOP TOXIC SPEECH¬†ONLINE https://t.co/qqahMrXC4V,https://twitter.com/ncri_io/status/1105154185064927232,0,2,1,0,,,['http://ncri.io/2019/03/11/hate-is-way-more-interesting-than-that-why-algorithms-cant-stop-toxic-speech-online/']
97,2019-03-11 16:44:13+00:00,ncri_io,1105147426724343809,Silicon Valley‚Äôs Year in¬†Hate https://t.co/FiCKUZsiz0,https://twitter.com/ncri_io/status/1105147426724343809,0,0,0,0,,,['http://ncri.io/2019/03/11/silicon-valleys-year-in-hate/']
98,2019-02-19 17:43:11+00:00,ncri_io,1097914506318094337,"Despite YouTube‚Äòs Efforts, It‚Äòs Still a ‚ÄòVortex‚Äò of¬†Hate https://t.co/XpcHz98d9z",https://twitter.com/ncri_io/status/1097914506318094337,0,0,0,0,,,['http://ncri.io/2019/02/19/despite-youtubes-efforts-its-still-a-vortex-of-hate/']
99,2019-02-19 17:36:30+00:00,ncri_io,1097912823533969408,East Boston Reacts To White Supremacist¬†Fliers https://t.co/29GHGpvPTC,https://twitter.com/ncri_io/status/1097912823533969408,0,1,1,0,,,['http://ncri.io/2019/02/19/east-boston-reacts-to-white-supremacist-fliers/']
100,2019-01-03 16:40:12+00:00,ncri_io,1080866426905350145,Digital Anti-Semitism: From Irony to Ideology ‚Äì Jewish Review of¬†Books https://t.co/t0alhaQ3Rw,https://twitter.com/ncri_io/status/1080866426905350145,0,0,0,0,,,['http://ncri.io/2019/01/03/digital-anti-semitism-from-irony-to-ideology-jewish-review-of-books/']
101,2018-12-13 19:53:54+00:00,ncri_io,1073305027329056771,"Two years after #Pizzagate showed the dangers of hateful conspiracies, they‚Äôre still rampant on¬†YouTube https://t.co/sW4sOayJJm",https://twitter.com/ncri_io/status/1073305027329056771,0,0,2,0,,,['http://ncri.io/2018/12/13/two-years-after-pizzagate-showed-the-dangers-of-hateful-conspiracies-theyre-still-rampant-on-youtube/']
102,2018-11-13 23:15:41+00:00,ncri_io,1062484174110515200,Pittsburgh Post Gazette ‚Äì How Robert Bowers went from conservative to white¬†nationalist https://t.co/PXZNr0htsF,https://twitter.com/ncri_io/status/1062484174110515200,0,0,0,0,,,['http://ncri.io/2018/11/13/pittsburgh-post-gazette-how-robert-bowers-went-from-conservative-to-white-nationalist/']
103,2018-11-11 15:39:16+00:00,ncri_io,1061644538337386496,@richelord from ‚Å¶@PittsburghPG worked with us on this interesting and deep piece about Robert Bowers. https://t.co/vpJ2DusJRd,https://twitter.com/ncri_io/status/1061644538337386496,0,0,0,0,https://twitter.com/michaelafuoco/status/1061502578238914560,"[User(username='richelord', id=537432402, displayname='Rich Lord', description=None, rawDescription=None, descriptionUrls=None, verified=None, created=None, followersCount=None, friendsCount=None, statusesCount=None, favouritesCount=None, listedCount=None, mediaCount=None, location=None, protected=None, linkUrl=None, linkTcourl=None, profileImageUrl=None, profileBannerUrl=None, label=None), User(username='PittsburghPG', id=21780652, displayname='Pittsburgh Post-Gazette', description=None, rawDescription=None, descriptionUrls=None, verified=None, created=None, followersCount=None, friendsCount=None, statusesCount=None, favouritesCount=None, listedCount=None, mediaCount=None, location=None, protected=None, linkUrl=None, linkTcourl=None, profileImageUrl=None, profileBannerUrl=None, label=None)]",['https://twitter.com/michaelafuoco/status/1061502578238914560']
104,2018-11-02 17:30:06+00:00,ncri_io,1058410938586423297,Congrats @zsavvas90 https://t.co/hUkrn2EI9Q,https://twitter.com/ncri_io/status/1058410938586423297,0,1,4,0,https://twitter.com/zsavvas90/status/1058409994515898371,"[User(username='zsavvas90', id=2383638403, displayname='Savvas Zannettou', description=None, rawDescription=None, descriptionUrls=None, verified=None, created=None, followersCount=None, friendsCount=None, statusesCount=None, favouritesCount=None, listedCount=None, mediaCount=None, location=None, protected=None, linkUrl=None, linkTcourl=None, profileImageUrl=None, profileBannerUrl=None, label=None)]",['https://twitter.com/zsavvas90/status/1058409994515898371']
105,2018-11-02 04:08:43+00:00,ncri_io,1058209262206365696,"On Gab, domestic terrorist Robert Bowers engaged with several influential alt-right figures https://t.co/xgEgpwndQx",https://twitter.com/ncri_io/status/1058209262206365696,0,3,4,1,,,['http://ncri.io/2018/11/02/on-gab-domestic-terrorist-robert-bowers-engaged-with-several-influential-alt-right-figures/']
106,2018-11-01 03:52:06+00:00,ncri_io,1057842691466244096,https://t.co/MgN63y3Ce8,https://twitter.com/ncri_io/status/1057842691466244096,0,0,0,0,,,['http://ncri.io/2018/11/01/396/']
107,2018-10-30 04:30:01+00:00,ncri_io,1057127461249531905,"NY Mag: What We Know About Robert Bowers, the Alleged Pittsburgh Synagogue¬†Shooter https://t.co/0Z12s0jBZ3",https://twitter.com/ncri_io/status/1057127461249531905,0,0,0,0,,,['http://ncri.io/2018/10/30/ny-mag-what-we-know-about-robert-bowers-the-alleged-pittsburgh-synagogue-shooter/']
108,2018-10-30 04:12:09+00:00,ncri_io,1057122963311521793,UAB research shows ‚Äòexplosive growth‚Äô of Antisemitism online and we must confront¬†it https://t.co/vq2hTB6Prj,https://twitter.com/ncri_io/status/1057122963311521793,0,0,0,0,,,['http://ncri.io/2018/10/30/uab-research-shows-explosive-growth-of-antisemitism-online-and-we-must-confront-it/']
109,2018-10-30 03:54:49+00:00,ncri_io,1057118599276646408,WSJ: Pittsburgh Synagogue Shooting Puts Spotlight on Fringe Platforms and Their¬†Partners https://t.co/5mkU8EfUxT,https://twitter.com/ncri_io/status/1057118599276646408,0,0,0,0,,,['http://ncri.io/2018/10/30/wsj-pittsburgh-synagogue-shooting-puts-spotlight-on-fringe-platforms-and-their-partners/']
110,2018-10-29 18:22:14+00:00,ncri_io,1056974507179565056,https://t.co/AmLLWZirXE  WHYY interviewed us about hateful social networks and our mission,https://twitter.com/ncri_io/status/1056974507179565056,0,1,1,0,,,['https://whyy.org/articles/how-scientists-say-gab-a-philly-based-social-network-became-an-incubator-of-hate/']
111,2018-10-29 18:20:48+00:00,ncri_io,1056974146633064449,https://t.co/m7gH4DI8qp  Another article about our work on Gab,https://twitter.com/ncri_io/status/1056974146633064449,0,1,1,0,,,['https://www.vox.com/policy-and-politics/2018/10/29/18033006/gab-social-media-anti-semitism-neo-nazis-twitter-facebook']
112,2018-10-29 05:23:50+00:00,ncri_io,1056778613666676736,https://t.co/JXtnz0SL7E We provided data and analysis to the Washington Post for their front page article on the deadliest attack against Jews in US History.,https://twitter.com/ncri_io/status/1056778613666676736,0,2,2,0,,,['https://www.washingtonpost.com/nation/2018/10/28/victims-expected-be-named-after-killed-deadliest-attack-jews-us-history/']
113,2018-10-29 02:44:48+00:00,ncri_io,1056738595149672450,"NPR charter member WHYY just published an article on our Gab related work.

https://t.co/AmLLWZ0R66",https://twitter.com/ncri_io/status/1056738595149672450,0,3,5,0,,,['https://whyy.org/articles/how-scientists-say-gab-a-philly-based-social-network-became-an-incubator-of-hate/']
114,2018-10-17 14:59:28+00:00,ncri_io,1052574824642609152,"@Khanoisseur @Khanoisseur Hey Adam, My name is Joel Finkelstein, Director of the Network Contagion Research Institute (https://t.co/NLSPqhTjvz).  You tweeted about my team's findings.  We'd love to show you an overview of some wicked data journalism waiting to happen.  Chat soon?",https://twitter.com/ncri_io/status/1052574824642609152,0,0,0,0,,"[User(username='Khanoisseur', id=373564351, displayname='Khanoisseur üê∂ü§¶üèª\u200d‚ôÇÔ∏èüåé', description=None, rawDescription=None, descriptionUrls=None, verified=None, created=None, followersCount=None, friendsCount=None, statusesCount=None, favouritesCount=None, listedCount=None, mediaCount=None, location=None, protected=None, linkUrl=None, linkTcourl=None, profileImageUrl=None, profileBannerUrl=None, label=None), User(username='Khanoisseur', id=373564351, displayname='Khanoisseur üê∂ü§¶üèª\u200d‚ôÇÔ∏èüåé', description=None, rawDescription=None, descriptionUrls=None, verified=None, created=None, followersCount=None, friendsCount=None, statusesCount=None, favouritesCount=None, listedCount=None, mediaCount=None, location=None, protected=None, linkUrl=None, linkTcourl=None, profileImageUrl=None, profileBannerUrl=None, label=None)]",['http://www.ncri.io']
115,2018-09-09 15:00:15+00:00,ncri_io,1038804280189349890,NCRI Research Featured in the Washington¬†Post https://t.co/ab2CL6FScO https://t.co/KuGzvUohZt,https://twitter.com/ncri_io/status/1038804280189349890,4,11,16,0,,,['http://ncri.io/2018/09/09/ncri-research-featured-in-the-washington-post/']
116,2018-09-06 03:12:39+00:00,ncri_io,1037539045168041984,A Quantitative Approach to Understanding Online Antisemitism Part 4:¬†Discussion https://t.co/hMjVkRLgUb,https://twitter.com/ncri_io/status/1037539045168041984,0,0,1,0,,,['http://ncri.io/2018/09/06/a-quantitative-approach-to-understanding-online-antisemitism-part-4-discussion/']
117,2018-09-06 03:12:16+00:00,ncri_io,1037538949122719744,A Quantitative Approach to Understanding Online Antisemitism Part 3: Meme¬†Analysis https://t.co/u69fRUdynp https://t.co/P38D5ZDdeV,https://twitter.com/ncri_io/status/1037538949122719744,0,0,3,1,,,['http://ncri.io/2018/09/06/a-quantitative-approach-to-understanding-online-antisemitism-part-3-meme-analysis/']
118,2018-09-06 03:11:51+00:00,ncri_io,1037538843912818690,A Quantitative Approach to Understanding Online Antisemitism Part 2 : Temporal¬†Analysis https://t.co/xojjWAaMJw https://t.co/rjMAHZkC0h,https://twitter.com/ncri_io/status/1037538843912818690,0,0,0,0,,,['http://ncri.io/2018/09/06/a-quantitative-approach-to-understanding-online-antisemitism-part-2-temporal-analysis/']
119,2018-09-06 03:11:26+00:00,ncri_io,1037538740053323776,A Quantitative Approach to Understanding Online Antisemitism : Part 1¬†Intro https://t.co/Uijn82cQeB,https://twitter.com/ncri_io/status/1037538740053323776,0,0,0,0,,,['http://ncri.io/2018/09/06/a-quantitative-approach-to-understanding-online-antisemitism-part-1-intro/']
120,2018-09-04 16:35:16+00:00,ncri_io,1037016254886944768,Just setting up my Twitter. #myfirstTweet,https://twitter.com/ncri_io/status/1037016254886944768,0,0,1,0,,,
